<?xml version="1.0" encoding="UTF-8"?>
<project-private xmlns="http://www.netbeans.org/ns/project-private/1">
    <editor-bookmarks xmlns="http://www.netbeans.org/ns/editor-bookmarks/2" lastBookmarkId="0"/>
    <open-files xmlns="http://www.netbeans.org/ns/projectui-open-files/2">
        <group>
            <file>file:/E:/%5BWORKS%5D/planet-run/Planet%20Run/src/MainHome.java</file>
            <file>file:/E:/%5BWORKS%5D/planet-run/Planet%20Run/src/Player.java</file>
            <file>file:/E:/%5BWORKS%5D/planet-run/Planet%20Run/src/LosePage.java</file>
            <file>file:/E:/%5BWORKS%5D/planet-run/Planet%20Run/src/Maketool.java</file>
            <file>file:/E:/%5BWORKS%5D/planet-run/Planet%20Run/src/Main.java</file>
            <file>file:/E:/%5BWORKS%5D/planet-run/Planet%20Run/src/WinPage.java</file>
            <file>file:/E:/%5BWORKS%5D/planet-run/Planet%20Run/src/MainUI.java</file>
        </group>
    </open-files>
</project-private>
